epoch,time,train/box_loss,train/cls_loss,train/dfl_loss,metrics/precision(B),metrics/recall(B),metrics/mAP50(B),metrics/mAP50-95(B),val/box_loss,val/cls_loss,val/dfl_loss,lr/pg0,lr/pg1,lr/pg2
1,1798.39,4.59278,2.3219,0.96969,0.10084,0.07525,0.01299,0.00257,4.19594,1.91564,0.89086,0.000666238,0.000666238,0.000666238
2,4800.35,4.42641,2.20962,0.8909,0.0687,0.05253,0.00542,0.00097,4.25959,1.98913,0.87588,0.00130651,0.00130651,0.00130651
